{"cameraMode":{"drawMode":0,"name":"Shaded","section":"Shading Mode"},"sceneLighting":false,"audioPlay":false,"sceneViewState":{"showFog":false,"showMaterialUpdate":false,"showSkybox":false,"showFlares":false,"showImageEffects":false,"showParticleSystems":false},"in2DMode":false,"pivot":{"x":-0.3288509249687195,"y":0.974789559841156,"z":-1.1548399925231934e-7},"rotation":{"x":-0.07424008846282959,"y":0.9167020320892334,"z":-0.20043504238128663,"w":-0.33762505650520327},"size":2.226367473602295,"orthographic":false}