{"cameraMode":{"drawMode":0,"name":"Shaded","section":"Shading Mode"},"sceneLighting":true,"audioPlay":false,"sceneViewState":{"showFog":false,"showMaterialUpdate":false,"showSkybox":false,"showFlares":false,"showImageEffects":false,"showParticleSystems":false},"in2DMode":false,"pivot":{"x":675.7446899414063,"y":364.58709716796877,"z":3.9704418182373049},"rotation":{"x":0.04857632890343666,"y":-0.024418609216809274,"z":0.0008064271532930434,"w":0.9985255002975464},"size":935.3519287109375,"orthographic":false}